date,jour_semaine,temperature_c,budget,dish_category
2025-01-01,Mer,5.1,12.57,Plat_du_jour
2025-01-01,Mer,5.1,17.15,Plat_du_jour
2025-01-02,Jeu,6.1,12.65,Entree
2025-01-02,Jeu,6.1,17.16,Vegetarien
2025-01-02,Jeu,6.1,13.72,Plat_du_jour
2025-01-03,Ven,5.1,8.12,Dessert
2025-01-03,Ven,5.1,8.51,Dessert
2025-01-03,Ven,5.1,24.53,Grill
2025-01-03,Ven,5.1,23.28,Grill
2025-01-04,Sam,8.0,18.16,Grill
2025-01-04,Sam,8.0,8.22,Dessert
2025-01-04,Sam,8.0,21.72,Grill
2025-01-05,Dim,7.3,12.15,Enfant
2025-01-05,Dim,7.3,21.99,Grill
2025-01-05,Dim,7.3,9.61,Enfant
2025-01-05,Dim,7.3,24.21,Grill
2025-01-06,Lun,7.3,10.07,Entree
2025-01-06,Lun,7.3,19.9,Plat_du_jour
2025-01-06,Lun,7.3,17.72,Plat_du_jour
2025-01-06,Lun,7.3,14.94,Plat_du_jour
2025-01-06,Lun,7.3,16.3,Plat_du_jour
2025-01-07,Mar,6.8,11.84,Entree
2025-01-07,Mar,6.8,16.93,Plat_du_jour
2025-01-08,Mer,2.5,14.79,Vegetarien
2025-01-08,Mer,2.5,8.36,Dessert
2025-01-09,Jeu,5.1,15.37,Plat_du_jour
2025-01-09,Jeu,5.1,10.71,Entree
2025-01-09,Jeu,5.1,17.75,Plat_du_jour
2025-01-09,Jeu,5.1,9.62,Dessert
2025-01-09,Jeu,5.1,14.04,Vegetarien
2025-01-10,Ven,7.4,25.62,Grill
2025-01-10,Ven,7.4,9.34,Enfant
2025-01-11,Sam,1.2,8.65,Dessert
2025-01-11,Sam,1.2,9.18,Enfant
2025-01-11,Sam,1.2,20.4,Grill
2025-01-11,Sam,1.2,10.51,Enfant
2025-01-12,Dim,5.5,12.37,Enfant
2025-01-12,Dim,5.5,24.54,Grill
2025-01-12,Dim,5.5,12.78,Entree
2025-01-12,Dim,5.5,22.53,Grill
2025-01-12,Dim,5.5,18.28,Plat_du_jour
2025-01-13,Lun,5.7,17.79,Plat_du_jour
2025-01-13,Lun,5.7,11.11,Entree
2025-01-13,Lun,5.7,9.12,Entree
2025-01-14,Mar,7.1,19.7,Plat_du_jour
2025-01-14,Mar,7.1,19.01,Plat_du_jour
2025-01-15,Mer,1.3,18.33,Plat_du_jour
2025-01-15,Mer,1.3,18.89,Plat_du_jour
2025-01-15,Mer,1.3,15.79,Plat_du_jour
2025-01-16,Jeu,2.2,19.77,Plat_du_jour
2025-01-16,Jeu,2.2,28.35,Grill
2025-01-16,Jeu,2.2,13.52,Plat_du_jour
2025-01-17,Ven,5.9,14.31,Vegetarien
2025-01-17,Ven,5.9,25.91,Grill
2025-01-17,Ven,5.9,7.95,Enfant
2025-01-17,Ven,5.9,21.19,Grill
2025-01-17,Ven,5.9,8.77,Dessert
2025-01-18,Sam,3.0,11.96,Entree
2025-01-18,Sam,3.0,9.76,Enfant
2025-01-18,Sam,3.0,12.22,Enfant
2025-01-18,Sam,3.0,22.58,Grill
2025-01-18,Sam,3.0,23.09,Grill
2025-01-18,Sam,3.0,27.61,Grill
2025-01-19,Dim,2.7,24.91,Grill
2025-01-19,Dim,2.7,16.05,Vegetarien
2025-01-20,Lun,5.0,17.31,Plat_du_jour
2025-01-20,Lun,5.0,7.88,Entree
2025-01-20,Lun,5.0,20.74,Grill
2025-01-20,Lun,5.0,12.62,Entree
2025-01-21,Mar,7.2,9.47,Entree
2025-01-21,Mar,7.2,17.25,Plat_du_jour
2025-01-21,Mar,7.2,13.45,Plat_du_jour
2025-01-21,Mar,7.2,17.13,Plat_du_jour
2025-01-21,Mar,7.2,13.59,Plat_du_jour
2025-01-22,Mer,1.9,15.5,Plat_du_jour
2025-01-22,Mer,1.9,14.94,Plat_du_jour
2025-01-22,Mer,1.9,18.86,Grill
2025-01-22,Mer,1.9,15.32,Plat_du_jour
2025-01-23,Jeu,3.6,16.71,Plat_du_jour
2025-01-23,Jeu,3.6,12.19,Entree
2025-01-23,Jeu,3.6,13.94,Plat_du_jour
2025-01-23,Jeu,3.6,13.71,Plat_du_jour
2025-01-24,Ven,2.6,28.27,Grill
2025-01-24,Ven,2.6,10.99,Enfant
2025-01-25,Sam,4.2,10.28,Enfant
2025-01-25,Sam,4.2,23.25,Grill
2025-01-25,Sam,4.2,9.56,Enfant
2025-01-25,Sam,4.2,10.61,Entree
2025-01-25,Sam,4.2,6.91,Dessert
2025-01-25,Sam,4.2,23.88,Grill
2025-01-26,Dim,2.9,26.55,Grill
2025-01-26,Dim,2.9,15.44,Vegetarien
2025-01-26,Dim,2.9,19.56,Grill
2025-01-26,Dim,2.9,24.43,Grill
2025-01-27,Lun,4.5,16.57,Plat_du_jour
2025-01-27,Lun,4.5,12.71,Enfant
2025-01-27,Lun,4.5,16.53,Plat_du_jour
2025-01-27,Lun,4.5,17.79,Grill
2025-01-28,Mar,2.2,14.29,Plat_du_jour
2025-01-28,Mar,2.2,15.47,Plat_du_jour
2025-01-28,Mar,2.2,9.03,Entree
2025-01-28,Mar,2.2,17.93,Plat_du_jour
2025-01-29,Mer,6.2,12.88,Plat_du_jour
2025-01-29,Mer,6.2,20.48,Plat_du_jour
2025-01-29,Mer,6.2,18.75,Plat_du_jour
2025-01-29,Mer,6.2,19.99,Plat_du_jour
2025-01-29,Mer,6.2,19.72,Plat_du_jour
2025-01-29,Mer,6.2,18.77,Plat_du_jour
2025-01-30,Jeu,3.2,20.57,Grill
2025-01-30,Jeu,3.2,14.98,Plat_du_jour
2025-01-30,Jeu,3.2,20.0,Plat_du_jour
2025-01-31,Ven,6.7,25.39,Grill
2025-01-31,Ven,6.7,28.07,Grill
2025-01-31,Ven,6.7,8.74,Dessert
2025-01-31,Ven,6.7,24.15,Grill
2025-02-01,Sam,2.7,15.77,Vegetarien
2025-02-01,Sam,2.7,11.28,Dessert
2025-02-01,Sam,2.7,11.15,Enfant
2025-02-01,Sam,2.7,8.82,Dessert
2025-02-01,Sam,2.7,12.61,Entree
2025-02-02,Dim,4.8,15.17,Plat_du_jour
2025-02-02,Dim,4.8,9.91,Entree
2025-02-02,Dim,4.8,9.48,Dessert
2025-02-03,Lun,4.1,14.0,Plat_du_jour
2025-02-03,Lun,4.1,20.17,Grill
2025-02-03,Lun,4.1,20.64,Grill
2025-02-04,Mar,1.9,16.22,Plat_du_jour
2025-02-04,Mar,1.9,15.96,Plat_du_jour
2025-02-04,Mar,1.9,13.65,Plat_du_jour
2025-02-04,Mar,1.9,19.61,Plat_du_jour
2025-02-05,Mer,7.0,23.32,Grill
2025-02-05,Mer,7.0,9.65,Enfant
2025-02-05,Mer,7.0,15.55,Plat_du_jour
2025-02-05,Mer,7.0,9.39,Entree
2025-02-05,Mer,7.0,19.36,Plat_du_jour
2025-02-05,Mer,7.0,20.97,Plat_du_jour
2025-02-06,Jeu,6.8,19.32,Plat_du_jour
2025-02-06,Jeu,6.8,24.96,Grill
2025-02-06,Jeu,6.8,7.85,Dessert
2025-02-07,Ven,3.2,10.98,Dessert
2025-02-07,Ven,3.2,6.63,Dessert
2025-02-08,Sam,7.9,10.49,Enfant
2025-02-08,Sam,7.9,18.42,Grill
2025-02-08,Sam,7.9,7.56,Dessert
2025-02-08,Sam,7.9,12.99,Enfant
2025-02-08,Sam,7.9,19.58,Grill
2025-02-09,Dim,8.0,6.82,Dessert
2025-02-09,Dim,8.0,14.93,Plat_du_jour
2025-02-09,Dim,8.0,7.13,Dessert
2025-02-09,Dim,8.0,9.24,Dessert
2025-02-10,Lun,2.9,17.23,Plat_du_jour
2025-02-10,Lun,2.9,18.74,Grill
2025-02-10,Lun,2.9,15.67,Plat_du_jour
2025-02-10,Lun,2.9,17.65,Plat_du_jour
2025-02-10,Lun,2.9,21.93,Grill
2025-02-10,Lun,2.9,22.86,Grill
2025-02-11,Mar,4.6,10.53,Entree
2025-02-11,Mar,4.6,19.09,Plat_du_jour
2025-02-12,Mer,10.5,18.77,Plat_du_jour
2025-02-12,Mer,10.5,19.87,Plat_du_jour
2025-02-13,Jeu,5.7,22.54,Grill
2025-02-13,Jeu,5.7,7.46,Dessert
2025-02-14,Ven,9.7,10.04,Dessert
2025-02-14,Ven,9.7,22.18,Grill
2025-02-14,Ven,9.7,10.93,Enfant
2025-02-14,Ven,9.7,12.02,Vegetarien
2025-02-14,Ven,9.7,8.59,Dessert
2025-02-15,Sam,7.0,9.69,Enfant
2025-02-15,Sam,7.0,18.21,Plat_du_jour
2025-02-16,Dim,7.7,8.79,Entree
2025-02-16,Dim,7.7,9.99,Dessert
2025-02-16,Dim,7.7,21.66,Grill
2025-02-17,Lun,8.1,13.6,Plat_du_jour
2025-02-17,Lun,8.1,21.39,Plat_du_jour
2025-02-17,Lun,8.1,19.26,Plat_du_jour
2025-02-17,Lun,8.1,18.96,Plat_du_jour
2025-02-18,Mar,8.7,16.68,Plat_du_jour
2025-02-18,Mar,8.7,9.52,Enfant
2025-02-18,Mar,8.7,17.06,Plat_du_jour
2025-02-18,Mar,8.7,16.42,Plat_du_jour
2025-02-19,Mer,4.8,18.37,Plat_du_jour
2025-02-19,Mer,4.8,12.24,Entree
2025-02-19,Mer,4.8,19.08,Plat_du_jour
2025-02-19,Mer,4.8,15.67,Plat_du_jour
2025-02-19,Mer,4.8,14.54,Plat_du_jour
2025-02-19,Mer,4.8,19.52,Plat_du_jour
2025-02-20,Jeu,8.8,14.56,Plat_du_jour
2025-02-20,Jeu,8.8,17.58,Plat_du_jour
2025-02-20,Jeu,8.8,21.23,Grill
2025-02-20,Jeu,8.8,18.04,Plat_du_jour
2025-02-21,Ven,5.7,21.7,Plat_du_jour
2025-02-21,Ven,5.7,19.09,Grill
2025-02-21,Ven,5.7,11.6,Enfant
2025-02-21,Ven,5.7,8.02,Enfant
2025-02-21,Ven,5.7,25.43,Grill
2025-02-21,Ven,5.7,6.4,Dessert
2025-02-22,Sam,6.2,6.3,Dessert
2025-02-22,Sam,6.2,23.27,Grill
2025-02-22,Sam,6.2,27.77,Grill
2025-02-23,Dim,6.5,27.38,Grill
2025-02-23,Dim,6.5,10.53,Dessert
2025-02-24,Lun,8.4,14.21,Plat_du_jour
2025-02-24,Lun,8.4,22.59,Grill
2025-02-24,Lun,8.4,16.79,Vegetarien
2025-02-24,Lun,8.4,6.76,Dessert
2025-02-24,Lun,8.4,20.84,Plat_du_jour
2025-02-24,Lun,8.4,17.34,Plat_du_jour
2025-02-25,Mar,10.1,15.22,Plat_du_jour
2025-02-25,Mar,10.1,21.17,Plat_du_jour
2025-02-25,Mar,10.1,14.02,Plat_du_jour
2025-02-26,Mer,8.8,25.13,Grill
2025-02-26,Mer,8.8,17.11,Plat_du_jour
2025-02-27,Jeu,10.0,14.4,Plat_du_jour
2025-02-27,Jeu,10.0,11.12,Dessert
2025-02-27,Jeu,10.0,13.45,Vegetarien
2025-02-27,Jeu,10.0,25.48,Grill
2025-02-27,Jeu,10.0,9.47,Dessert
2025-02-27,Jeu,10.0,21.94,Grill
2025-02-28,Ven,7.6,19.28,Grill
2025-02-28,Ven,7.6,6.97,Dessert
2025-02-28,Ven,7.6,9.85,Dessert
2025-02-28,Ven,7.6,21.3,Plat_du_jour
2025-03-01,Sam,12.5,10.52,Enfant
2025-03-01,Sam,12.5,12.95,Vegetarien
2025-03-01,Sam,12.5,12.25,Enfant
2025-03-01,Sam,12.5,9.39,Enfant
2025-03-01,Sam,12.5,12.39,Enfant
2025-03-01,Sam,12.5,22.73,Grill
2025-03-02,Dim,11.3,8.35,Dessert
2025-03-02,Dim,11.3,7.88,Enfant
2025-03-02,Dim,11.3,17.8,Vegetarien
2025-03-02,Dim,11.3,6.77,Dessert
2025-03-02,Dim,11.3,25.48,Grill
2025-03-02,Dim,11.3,24.9,Grill
2025-03-03,Lun,7.1,13.26,Plat_du_jour
2025-03-03,Lun,7.1,13.57,Plat_du_jour
2025-03-04,Mar,6.1,18.93,Plat_du_jour
2025-03-04,Mar,6.1,14.85,Plat_du_jour
2025-03-04,Mar,6.1,12.84,Plat_du_jour
2025-03-04,Mar,6.1,16.28,Vegetarien
2025-03-04,Mar,6.1,18.94,Plat_du_jour
2025-03-04,Mar,6.1,9.79,Dessert
2025-03-05,Mer,6.9,13.42,Entree
2025-03-05,Mer,6.9,17.09,Plat_du_jour
2025-03-05,Mer,6.9,12.35,Enfant
2025-03-05,Mer,6.9,17.96,Plat_du_jour
2025-03-05,Mer,6.9,18.71,Plat_du_jour
2025-03-05,Mer,6.9,19.92,Plat_du_jour
2025-03-06,Jeu,8.0,16.61,Plat_du_jour
2025-03-06,Jeu,8.0,16.72,Plat_du_jour
2025-03-07,Ven,13.7,8.37,Dessert
2025-03-07,Ven,13.7,21.6,Grill
2025-03-07,Ven,13.7,17.98,Plat_du_jour
2025-03-08,Sam,13.7,10.31,Enfant
2025-03-08,Sam,13.7,8.72,Dessert
2025-03-08,Sam,13.7,10.62,Enfant
2025-03-08,Sam,13.7,20.75,Plat_du_jour
2025-03-09,Dim,10.1,7.79,Enfant
2025-03-09,Dim,10.1,22.8,Grill
2025-03-09,Dim,10.1,23.2,Grill
2025-03-09,Dim,10.1,10.8,Entree
2025-03-09,Dim,10.1,25.3,Grill
2025-03-10,Lun,12.8,27.58,Grill
2025-03-10,Lun,12.8,18.74,Plat_du_jour
2025-03-11,Mar,7.5,16.29,Plat_du_jour
2025-03-11,Mar,7.5,19.01,Plat_du_jour
2025-03-11,Mar,7.5,14.52,Plat_du_jour
2025-03-12,Mer,8.3,18.31,Vegetarien
2025-03-12,Mer,8.3,18.71,Plat_du_jour
2025-03-12,Mer,8.3,12.0,Vegetarien
2025-03-12,Mer,8.3,20.66,Grill
2025-03-12,Mer,8.3,8.2,Entree
2025-03-13,Jeu,13.6,17.55,Plat_du_jour
2025-03-13,Jeu,13.6,14.96,Plat_du_jour
2025-03-13,Jeu,13.6,15.66,Plat_du_jour
2025-03-14,Ven,9.7,10.88,Dessert
2025-03-14,Ven,9.7,20.14,Grill
2025-03-14,Ven,9.7,13.7,Enfant
2025-03-14,Ven,9.7,9.38,Enfant
2025-03-14,Ven,9.7,8.67,Dessert
2025-03-15,Sam,12.7,8.77,Enfant
2025-03-15,Sam,12.7,8.69,Enfant
2025-03-16,Dim,14.6,8.46,Dessert
2025-03-16,Dim,14.6,9.62,Dessert
2025-03-17,Lun,13.6,15.29,Plat_du_jour
2025-03-17,Lun,13.6,9.71,Entree
2025-03-18,Mar,14.4,28.1,Grill
2025-03-18,Mar,14.4,18.62,Plat_du_jour
2025-03-19,Mer,9.2,15.35,Plat_du_jour
2025-03-19,Mer,9.2,17.42,Plat_du_jour
2025-03-19,Mer,9.2,20.55,Plat_du_jour
2025-03-19,Mer,9.2,15.4,Plat_du_jour
2025-03-19,Mer,9.2,17.7,Plat_du_jour
2025-03-19,Mer,9.2,18.47,Plat_du_jour
2025-03-20,Jeu,9.8,18.21,Plat_du_jour
2025-03-20,Jeu,9.8,18.43,Plat_du_jour
2025-03-20,Jeu,9.8,16.72,Plat_du_jour
2025-03-20,Jeu,9.8,21.55,Grill
2025-03-21,Ven,14.9,10.47,Enfant
2025-03-21,Ven,14.9,7.32,Enfant
2025-03-21,Ven,14.9,8.98,Entree
2025-03-21,Ven,14.9,18.99,Grill
2025-03-21,Ven,14.9,11.48,Vegetarien
2025-03-21,Ven,14.9,13.1,Enfant
2025-03-22,Sam,11.1,13.42,Vegetarien
2025-03-22,Sam,11.1,14.45,Plat_du_jour
2025-03-22,Sam,11.1,11.91,Enfant
2025-03-22,Sam,11.1,9.22,Dessert
2025-03-22,Sam,11.1,11.21,Vegetarien
2025-03-22,Sam,11.1,8.73,Enfant
2025-03-23,Dim,14.8,19.54,Grill
2025-03-23,Dim,14.8,24.34,Grill
2025-03-23,Dim,14.8,9.77,Dessert
2025-03-23,Dim,14.8,11.58,Enfant
2025-03-24,Lun,10.0,22.31,Grill
2025-03-24,Lun,10.0,14.59,Plat_du_jour
2025-03-24,Lun,10.0,11.63,Enfant
2025-03-24,Lun,10.0,17.92,Grill
2025-03-25,Mar,15.5,14.62,Entree
2025-03-25,Mar,15.5,20.56,Grill
2025-03-25,Mar,15.5,19.36,Grill
2025-03-25,Mar,15.5,15.67,Vegetarien
2025-03-26,Mer,9.7,16.33,Plat_du_jour
2025-03-26,Mer,9.7,14.43,Plat_du_jour
2025-03-26,Mer,9.7,10.98,Enfant
2025-03-27,Jeu,15.8,13.37,Entree
2025-03-27,Jeu,15.8,14.97,Vegetarien
2025-03-27,Jeu,15.8,12.22,Enfant
2025-03-27,Jeu,15.8,15.49,Plat_du_jour
2025-03-27,Jeu,15.8,18.56,Plat_du_jour
2025-03-27,Jeu,15.8,16.0,Plat_du_jour
2025-03-28,Ven,13.2,27.55,Grill
2025-03-28,Ven,13.2,27.86,Grill
2025-03-28,Ven,13.2,25.71,Grill
2025-03-28,Ven,13.2,19.73,Grill
2025-03-28,Ven,13.2,25.55,Grill
2025-03-28,Ven,13.2,16.07,Vegetarien
2025-03-29,Sam,14.9,27.94,Grill
2025-03-29,Sam,14.9,11.65,Enfant
2025-03-29,Sam,14.9,11.35,Enfant
2025-03-30,Dim,9.7,9.25,Enfant
2025-03-30,Dim,9.7,11.76,Enfant
2025-03-30,Dim,9.7,21.39,Grill
2025-03-30,Dim,9.7,11.05,Enfant
2025-03-31,Lun,12.3,11.83,Entree
2025-03-31,Lun,12.3,24.45,Grill
2025-03-31,Lun,12.3,15.31,Vegetarien
2025-04-01,Mar,15.4,17.37,Plat_du_jour
2025-04-01,Mar,15.4,15.44,Plat_du_jour
2025-04-01,Mar,15.4,13.63,Enfant
2025-04-01,Mar,15.4,14.16,Plat_du_jour
2025-04-02,Mer,11.8,16.48,Plat_du_jour
2025-04-02,Mer,11.8,12.12,Plat_du_jour
2025-04-02,Mer,11.8,12.57,Plat_du_jour
2025-04-03,Jeu,17.9,7.19,Dessert
2025-04-03,Jeu,17.9,14.21,Vegetarien
2025-04-03,Jeu,17.9,13.62,Entree
2025-04-03,Jeu,17.9,15.7,Plat_du_jour
2025-04-03,Jeu,17.9,10.57,Entree
2025-04-04,Ven,16.2,9.71,Enfant
2025-04-04,Ven,16.2,6.89,Entree
2025-04-05,Sam,15.2,27.07,Grill
2025-04-05,Sam,15.2,23.77,Grill
2025-04-05,Sam,15.2,25.73,Grill
2025-04-05,Sam,15.2,27.71,Grill
2025-04-05,Sam,15.2,16.86,Plat_du_jour
2025-04-06,Dim,17.2,11.07,Enfant
2025-04-06,Dim,17.2,10.38,Dessert
2025-04-06,Dim,17.2,10.3,Entree
2025-04-06,Dim,17.2,9.84,Entree
2025-04-06,Dim,17.2,8.04,Enfant
2025-04-07,Lun,16.1,20.86,Plat_du_jour
2025-04-07,Lun,16.1,12.47,Enfant
2025-04-07,Lun,16.1,9.4,Dessert
2025-04-07,Lun,16.1,10.31,Entree
2025-04-07,Lun,16.1,16.09,Vegetarien
2025-04-08,Mar,13.2,11.78,Entree
2025-04-08,Mar,13.2,10.62,Entree
2025-04-08,Mar,13.2,18.39,Plat_du_jour
2025-04-09,Mer,12.4,20.07,Grill
2025-04-09,Mer,12.4,19.25,Plat_du_jour
2025-04-09,Mer,12.4,25.74,Grill
2025-04-09,Mer,12.4,15.7,Vegetarien
2025-04-09,Mer,12.4,12.5,Plat_du_jour
2025-04-10,Jeu,14.5,15.32,Vegetarien
2025-04-10,Jeu,14.5,10.21,Dessert
2025-04-11,Ven,13.6,10.14,Enfant
2025-04-11,Ven,13.6,8.82,Dessert
2025-04-11,Ven,13.6,13.75,Entree
2025-04-11,Ven,13.6,12.08,Entree
2025-04-12,Sam,12.2,13.27,Vegetarien
2025-04-12,Sam,12.2,23.03,Grill
2025-04-12,Sam,12.2,17.11,Vegetarien
2025-04-12,Sam,12.2,11.95,Entree
2025-04-13,Dim,18.4,8.51,Enfant
2025-04-13,Dim,18.4,10.31,Vegetarien
2025-04-14,Lun,17.5,17.64,Vegetarien
2025-04-14,Lun,17.5,15.65,Vegetarien
2025-04-14,Lun,17.5,23.91,Grill
2025-04-15,Mar,17.3,22.52,Grill
2025-04-15,Mar,17.3,16.28,Vegetarien
2025-04-15,Mar,17.3,10.53,Enfant
2025-04-15,Mar,17.3,19.35,Plat_du_jour
2025-04-15,Mar,17.3,15.37,Plat_du_jour
2025-04-15,Mar,17.3,10.36,Entree
2025-04-16,Mer,14.1,8.07,Dessert
2025-04-16,Mer,14.1,13.01,Plat_du_jour
2025-04-16,Mer,14.1,8.29,Dessert
2025-04-16,Mer,14.1,16.28,Plat_du_jour
2025-04-16,Mer,14.1,22.41,Grill
2025-04-16,Mer,14.1,16.43,Plat_du_jour
2025-04-17,Jeu,18.5,12.68,Enfant
2025-04-17,Jeu,18.5,20.15,Plat_du_jour
2025-04-17,Jeu,18.5,18.3,Plat_du_jour
2025-04-17,Jeu,18.5,21.7,Grill
2025-04-18,Ven,17.5,27.14,Grill
2025-04-18,Ven,17.5,13.3,Plat_du_jour
2025-04-18,Ven,17.5,26.99,Grill
2025-04-18,Ven,17.5,9.51,Entree
2025-04-18,Ven,17.5,11.05,Enfant
2025-04-18,Ven,17.5,10.28,Enfant
2025-04-19,Sam,19.7,11.08,Dessert
2025-04-19,Sam,19.7,10.73,Dessert
2025-04-19,Sam,19.7,19.56,Plat_du_jour
2025-04-19,Sam,19.7,10.81,Enfant
2025-04-19,Sam,19.7,10.43,Enfant
2025-04-19,Sam,19.7,19.03,Grill
2025-04-20,Dim,13.2,23.53,Grill
2025-04-20,Dim,13.2,25.77,Grill
2025-04-20,Dim,13.2,11.06,Dessert
2025-04-20,Dim,13.2,24.29,Grill
2025-04-20,Dim,13.2,8.56,Enfant
2025-04-20,Dim,13.2,16.66,Vegetarien
2025-04-21,Lun,20.9,11.06,Entree
2025-04-21,Lun,20.9,10.75,Enfant
2025-04-21,Lun,20.9,20.64,Plat_du_jour
2025-04-22,Mar,16.3,17.36,Plat_du_jour
2025-04-22,Mar,16.3,16.16,Plat_du_jour
2025-04-22,Mar,16.3,7.96,Dessert
2025-04-22,Mar,16.3,18.02,Plat_du_jour
2025-04-23,Mer,15.8,18.44,Plat_du_jour
2025-04-23,Mer,15.8,6.64,Dessert
2025-04-23,Mer,15.8,25.2,Grill
2025-04-23,Mer,15.8,10.44,Dessert
2025-04-24,Jeu,21.7,22.6,Grill
2025-04-24,Jeu,21.7,9.38,Entree
2025-04-24,Jeu,21.7,21.65,Grill
2025-04-24,Jeu,21.7,16.37,Plat_du_jour
2025-04-24,Jeu,21.7,10.67,Enfant
2025-04-24,Jeu,21.7,14.05,Vegetarien
2025-04-25,Ven,18.5,7.48,Dessert
2025-04-25,Ven,18.5,9.91,Dessert
2025-04-25,Ven,18.5,19.24,Grill
2025-04-25,Ven,18.5,10.25,Dessert
2025-04-25,Ven,18.5,28.0,Grill
2025-04-26,Sam,21.6,26.44,Grill
2025-04-26,Sam,21.6,11.08,Dessert
2025-04-26,Sam,21.6,7.28,Dessert
2025-04-26,Sam,21.6,18.96,Vegetarien
2025-04-26,Sam,21.6,10.25,Dessert
2025-04-26,Sam,21.6,20.74,Grill
2025-04-27,Dim,14.4,8.47,Enfant
2025-04-27,Dim,14.4,13.02,Vegetarien
2025-04-27,Dim,14.4,11.87,Dessert
2025-04-27,Dim,14.4,21.44,Grill
2025-04-27,Dim,14.4,11.52,Vegetarien
2025-04-27,Dim,14.4,22.31,Grill
2025-04-28,Lun,22.4,15.99,Plat_du_jour
2025-04-28,Lun,22.4,18.84,Plat_du_jour
2025-04-28,Lun,22.4,21.51,Plat_du_jour
2025-04-28,Lun,22.4,14.37,Plat_du_jour
2025-04-28,Lun,22.4,20.93,Grill
2025-04-29,Mar,22.3,12.82,Entree
2025-04-29,Mar,22.3,11.09,Entree
2025-04-29,Mar,22.3,16.4,Plat_du_jour
2025-04-29,Mar,22.3,17.5,Plat_du_jour
2025-04-29,Mar,22.3,14.21,Plat_du_jour
2025-04-29,Mar,22.3,12.24,Entree
2025-04-30,Mer,19.1,15.21,Plat_du_jour
2025-04-30,Mer,19.1,10.76,Entree
2025-04-30,Mer,19.1,13.23,Entree
2025-04-30,Mer,19.1,11.47,Dessert
2025-04-30,Mer,19.1,15.52,Plat_du_jour
2025-05-01,Jeu,16.7,15.19,Plat_du_jour
2025-05-01,Jeu,16.7,14.66,Plat_du_jour
2025-05-01,Jeu,16.7,18.31,Plat_du_jour
2025-05-01,Jeu,16.7,19.56,Plat_du_jour
2025-05-01,Jeu,16.7,14.69,Plat_du_jour
2025-05-02,Ven,21.9,12.41,Vegetarien
2025-05-02,Ven,21.9,14.28,Vegetarien
2025-05-03,Sam,15.8,9.12,Dessert
2025-05-03,Sam,15.8,28.16,Grill
2025-05-03,Sam,15.8,18.57,Grill
2025-05-03,Sam,15.8,23.97,Grill
2025-05-04,Dim,17.1,21.72,Grill
2025-05-04,Dim,17.1,18.08,Vegetarien
2025-05-04,Dim,17.1,20.41,Grill
2025-05-04,Dim,17.1,10.63,Enfant
2025-05-05,Lun,22.9,12.18,Dessert
2025-05-05,Lun,22.9,9.51,Entree
2025-05-05,Lun,22.9,11.57,Entree
2025-05-06,Mar,16.0,11.95,Entree
2025-05-06,Mar,16.0,11.36,Enfant
2025-05-06,Mar,16.0,16.43,Plat_du_jour
2025-05-07,Mer,23.2,19.87,Plat_du_jour
2025-05-07,Mer,23.2,19.41,Grill
2025-05-07,Mer,23.2,12.33,Vegetarien
2025-05-07,Mer,23.2,11.91,Entree
2025-05-08,Jeu,22.8,14.02,Vegetarien
2025-05-08,Jeu,22.8,11.49,Entree
2025-05-08,Jeu,22.8,7.47,Entree
2025-05-08,Jeu,22.8,12.47,Plat_du_jour
2025-05-09,Ven,22.3,7.1,Entree
2025-05-09,Ven,22.3,8.97,Dessert
2025-05-09,Ven,22.3,19.36,Grill
2025-05-10,Sam,19.2,8.37,Entree
2025-05-10,Sam,19.2,27.5,Grill
2025-05-10,Sam,19.2,27.95,Grill
2025-05-10,Sam,19.2,17.55,Vegetarien
2025-05-11,Dim,19.5,26.55,Grill
2025-05-11,Dim,19.5,15.47,Vegetarien
2025-05-11,Dim,19.5,8.24,Dessert
2025-05-11,Dim,19.5,22.73,Grill
2025-05-12,Lun,17.5,21.8,Grill
2025-05-12,Lun,17.5,19.05,Plat_du_jour
2025-05-12,Lun,17.5,23.36,Grill
2025-05-13,Mar,17.3,12.89,Vegetarien
2025-05-13,Mar,17.3,10.34,Entree
2025-05-14,Mer,19.1,12.77,Entree
2025-05-14,Mer,19.1,18.13,Plat_du_jour
2025-05-14,Mer,19.1,20.38,Plat_du_jour
2025-05-15,Jeu,18.7,17.65,Vegetarien
2025-05-15,Jeu,18.7,13.87,Vegetarien
2025-05-15,Jeu,18.7,8.2,Entree
2025-05-15,Jeu,18.7,27.07,Grill
2025-05-16,Ven,19.6,10.21,Entree
2025-05-16,Ven,19.6,22.01,Grill
2025-05-16,Ven,19.6,6.43,Dessert
2025-05-16,Ven,19.6,17.18,Grill
2025-05-16,Ven,19.6,25.98,Grill
2025-05-17,Sam,19.7,7.11,Dessert
2025-05-17,Sam,19.7,15.2,Vegetarien
2025-05-18,Dim,21.8,6.72,Dessert
2025-05-18,Dim,21.8,28.65,Grill
2025-05-18,Dim,21.8,10.72,Entree
2025-05-18,Dim,21.8,8.21,Dessert
2025-05-19,Lun,20.0,13.74,Entree
2025-05-19,Lun,20.0,19.63,Plat_du_jour
2025-05-19,Lun,20.0,14.08,Plat_du_jour
2025-05-20,Mar,20.3,12.87,Vegetarien
2025-05-20,Mar,20.3,15.16,Plat_du_jour
2025-05-20,Mar,20.3,20.41,Grill
2025-05-20,Mar,20.3,9.46,Entree
2025-05-20,Mar,20.3,17.49,Grill
2025-05-21,Mer,18.7,16.25,Plat_du_jour
2025-05-21,Mer,18.7,19.27,Plat_du_jour
2025-05-21,Mer,18.7,15.51,Plat_du_jour
2025-05-21,Mer,18.7,21.22,Grill
2025-05-21,Mer,18.7,20.91,Plat_du_jour
2025-05-21,Mer,18.7,22.61,Grill
2025-05-22,Jeu,25.6,14.42,Vegetarien
2025-05-22,Jeu,25.6,15.35,Vegetarien
2025-05-23,Ven,25.2,8.49,Dessert
2025-05-23,Ven,25.2,11.33,Entree
2025-05-23,Ven,25.2,25.66,Grill
2025-05-23,Ven,25.2,20.04,Grill
2025-05-23,Ven,25.2,14.19,Entree
2025-05-23,Ven,25.2,10.84,Entree
2025-05-24,Sam,18.0,6.67,Dessert
2025-05-24,Sam,18.0,10.91,Enfant
2025-05-25,Dim,21.1,9.01,Enfant
2025-05-25,Dim,21.1,20.75,Grill
2025-05-25,Dim,21.1,9.42,Enfant
2025-05-25,Dim,21.1,10.1,Enfant
2025-05-25,Dim,21.1,10.23,Dessert
2025-05-26,Lun,18.2,13.25,Plat_du_jour
2025-05-26,Lun,18.2,20.63,Grill
2025-05-27,Mar,19.2,12.25,Entree
2025-05-27,Mar,19.2,13.93,Plat_du_jour
2025-05-27,Mar,19.2,16.94,Plat_du_jour
2025-05-27,Mar,19.2,12.49,Plat_du_jour
2025-05-27,Mar,19.2,8.56,Entree
2025-05-27,Mar,19.2,19.62,Plat_du_jour
2025-05-28,Mer,18.8,17.69,Plat_du_jour
2025-05-28,Mer,18.8,19.19,Plat_du_jour
2025-05-28,Mer,18.8,19.93,Grill
2025-05-29,Jeu,23.4,21.21,Grill
2025-05-29,Jeu,23.4,9.82,Entree
2025-05-29,Jeu,23.4,5.71,Dessert
2025-05-30,Ven,23.7,9.85,Enfant
2025-05-30,Ven,23.7,11.19,Vegetarien
2025-05-30,Ven,23.7,15.79,Vegetarien
2025-05-30,Ven,23.7,14.88,Plat_du_jour
2025-05-30,Ven,23.7,17.6,Plat_du_jour
2025-05-31,Sam,18.6,13.94,Plat_du_jour
2025-05-31,Sam,18.6,8.66,Dessert
2025-06-01,Dim,21.1,8.04,Dessert
2025-06-01,Dim,21.1,9.13,Enfant
2025-06-01,Dim,21.1,9.45,Enfant
2025-06-01,Dim,21.1,11.54,Enfant
2025-06-01,Dim,21.1,19.91,Plat_du_jour
2025-06-02,Lun,21.7,16.07,Plat_du_jour
2025-06-02,Lun,21.7,14.53,Plat_du_jour
2025-06-02,Lun,21.7,10.93,Dessert
2025-06-03,Mar,23.2,19.32,Plat_du_jour
2025-06-03,Mar,23.2,13.95,Vegetarien
2025-06-03,Mar,23.2,16.74,Vegetarien
2025-06-04,Mer,20.8,9.72,Enfant
2025-06-04,Mer,20.8,16.96,Plat_du_jour
2025-06-04,Mer,20.8,22.5,Grill
2025-06-04,Mer,20.8,23.09,Grill
2025-06-04,Mer,20.8,10.42,Entree
2025-06-04,Mer,20.8,26.38,Grill
2025-06-05,Jeu,25.9,9.67,Entree
2025-06-05,Jeu,25.9,22.37,Grill
2025-06-05,Jeu,25.9,16.91,Plat_du_jour
2025-06-06,Ven,19.7,27.86,Grill
2025-06-06,Ven,19.7,11.49,Enfant
2025-06-06,Ven,19.7,10.15,Dessert
2025-06-07,Sam,21.6,8.58,Enfant
2025-06-07,Sam,21.6,11.8,Dessert
2025-06-07,Sam,21.6,25.73,Grill
2025-06-08,Dim,27.0,12.7,Vegetarien
2025-06-08,Dim,27.0,15.52,Vegetarien
2025-06-08,Dim,27.0,11.53,Dessert
2025-06-09,Lun,20.4,20.06,Grill
2025-06-09,Lun,20.4,11.51,Enfant
2025-06-09,Lun,20.4,21.82,Grill
2025-06-09,Lun,20.4,9.63,Dessert
2025-06-09,Lun,20.4,14.16,Vegetarien
2025-06-09,Lun,20.4,14.59,Plat_du_jour
2025-06-10,Mar,21.5,15.56,Plat_du_jour
2025-06-10,Mar,21.5,21.07,Plat_du_jour
2025-06-10,Mar,21.5,13.82,Plat_du_jour
2025-06-11,Mer,27.3,10.95,Enfant
2025-06-11,Mer,27.3,12.36,Vegetarien
2025-06-12,Jeu,22.3,14.26,Vegetarien
2025-06-12,Jeu,22.3,16.61,Plat_du_jour
2025-06-12,Jeu,22.3,9.1,Entree
2025-06-12,Jeu,22.3,17.42,Vegetarien
2025-06-13,Ven,22.8,18.02,Vegetarien
2025-06-13,Ven,22.8,8.98,Dessert
2025-06-14,Sam,21.2,18.97,Grill
2025-06-14,Sam,21.2,9.03,Entree
2025-06-15,Dim,24.3,19.61,Grill
2025-06-15,Dim,24.3,19.04,Grill
2025-06-15,Dim,24.3,8.82,Dessert
2025-06-16,Lun,23.2,7.81,Enfant
2025-06-16,Lun,23.2,9.82,Entree
2025-06-17,Mar,22.2,17.1,Vegetarien
2025-06-17,Mar,22.2,10.75,Entree
2025-06-17,Mar,22.2,11.84,Entree
2025-06-17,Mar,22.2,18.58,Vegetarien
2025-06-17,Mar,22.2,19.18,Grill
2025-06-18,Mer,21.6,20.48,Grill
2025-06-18,Mer,21.6,17.01,Plat_du_jour
2025-06-18,Mer,21.6,7.28,Dessert
2025-06-19,Jeu,26.6,20.21,Grill
2025-06-19,Jeu,26.6,26.57,Grill
2025-06-19,Jeu,26.6,12.35,Plat_du_jour
2025-06-19,Jeu,26.6,9.16,Entree
2025-06-19,Jeu,26.6,8.87,Entree
2025-06-20,Ven,20.0,17.49,Grill
2025-06-20,Ven,20.0,17.54,Vegetarien
2025-06-20,Ven,20.0,11.11,Entree
2025-06-20,Ven,20.0,9.68,Dessert
2025-06-21,Sam,22.0,10.46,Enfant
2025-06-21,Sam,22.0,12.97,Entree
2025-06-21,Sam,22.0,16.76,Vegetarien
2025-06-21,Sam,22.0,17.31,Plat_du_jour
2025-06-21,Sam,22.0,9.96,Enfant
2025-06-21,Sam,22.0,15.1,Vegetarien
2025-06-22,Dim,25.0,8.06,Dessert
2025-06-22,Dim,25.0,12.38,Enfant
2025-06-23,Lun,27.0,28.09,Grill
2025-06-23,Lun,27.0,17.07,Plat_du_jour
2025-06-23,Lun,27.0,20.9,Grill
2025-06-23,Lun,27.0,13.39,Enfant
2025-06-23,Lun,27.0,17.74,Vegetarien
2025-06-24,Mar,25.4,20.13,Grill
2025-06-24,Mar,25.4,15.22,Vegetarien
2025-06-24,Mar,25.4,15.6,Plat_du_jour
2025-06-25,Mer,23.9,14.08,Plat_du_jour
2025-06-25,Mer,23.9,10.78,Entree
2025-06-25,Mer,23.9,17.2,Vegetarien
2025-06-25,Mer,23.9,9.24,Entree
2025-06-25,Mer,23.9,13.51,Vegetarien
2025-06-26,Jeu,20.1,16.12,Plat_du_jour
2025-06-26,Jeu,20.1,19.33,Plat_du_jour
2025-06-26,Jeu,20.1,15.49,Plat_du_jour
2025-06-26,Jeu,20.1,14.04,Plat_du_jour
2025-06-26,Jeu,20.1,7.96,Entree
2025-06-26,Jeu,20.1,7.63,Entree
2025-06-27,Ven,21.8,23.41,Grill
2025-06-27,Ven,21.8,19.09,Vegetarien
2025-06-27,Ven,21.8,20.57,Plat_du_jour
2025-06-27,Ven,21.8,22.7,Grill
2025-06-28,Sam,22.5,7.29,Entree
2025-06-28,Sam,22.5,25.03,Grill
2025-06-28,Sam,22.5,19.72,Grill
2025-06-28,Sam,22.5,12.81,Vegetarien
2025-06-28,Sam,22.5,25.71,Grill
2025-06-29,Dim,26.7,6.49,Dessert
2025-06-29,Dim,26.7,13.52,Entree
2025-06-29,Dim,26.7,21.48,Grill
2025-06-30,Lun,23.2,10.18,Entree
2025-06-30,Lun,23.2,24.44,Grill
2025-07-01,Mar,23.8,12.46,Entree
2025-07-01,Mar,23.8,8.66,Entree
2025-07-01,Mar,23.8,23.89,Grill
2025-07-01,Mar,23.8,14.48,Vegetarien
2025-07-01,Mar,23.8,10.9,Entree
2025-07-01,Mar,23.8,9.08,Dessert
2025-07-02,Mer,20.6,22.22,Grill
2025-07-02,Mer,20.6,28.33,Grill
2025-07-02,Mer,20.6,14.09,Plat_du_jour
2025-07-02,Mer,20.6,12.58,Vegetarien
2025-07-02,Mer,20.6,14.64,Plat_du_jour
2025-07-02,Mer,20.6,17.29,Plat_du_jour
2025-07-03,Jeu,25.8,6.17,Dessert
2025-07-03,Jeu,25.8,11.7,Entree
2025-07-03,Jeu,25.8,24.62,Grill
2025-07-03,Jeu,25.8,18.27,Plat_du_jour
2025-07-04,Ven,25.2,6.31,Dessert
2025-07-04,Ven,25.2,9.61,Entree
2025-07-04,Ven,25.2,22.66,Grill
2025-07-04,Ven,25.2,20.27,Grill
2025-07-05,Sam,24.1,12.18,Entree
2025-07-05,Sam,24.1,8.64,Enfant
2025-07-06,Dim,23.5,28.77,Grill
2025-07-06,Dim,23.5,9.18,Dessert
2025-07-06,Dim,23.5,13.5,Enfant
2025-07-06,Dim,23.5,11.77,Vegetarien
2025-07-06,Dim,23.5,12.78,Entree
2025-07-06,Dim,23.5,11.38,Dessert
2025-07-07,Lun,22.5,11.88,Entree
2025-07-07,Lun,22.5,13.56,Plat_du_jour
2025-07-07,Lun,22.5,24.24,Grill
2025-07-07,Lun,22.5,16.36,Vegetarien
2025-07-08,Mar,20.4,17.41,Grill
2025-07-08,Mar,20.4,7.13,Dessert
2025-07-08,Mar,20.4,9.35,Entree
2025-07-08,Mar,20.4,13.64,Plat_du_jour
2025-07-09,Mer,20.5,12.86,Enfant
2025-07-09,Mer,20.5,10.66,Enfant
2025-07-09,Mer,20.5,10.7,Entree
2025-07-09,Mer,20.5,12.74,Plat_du_jour
2025-07-09,Mer,20.5,12.2,Vegetarien
2025-07-09,Mer,20.5,20.34,Plat_du_jour
2025-07-10,Jeu,21.0,15.63,Vegetarien
2025-07-10,Jeu,21.0,27.49,Grill
2025-07-10,Jeu,21.0,18.02,Plat_du_jour
2025-07-11,Ven,20.3,8.65,Enfant
2025-07-11,Ven,20.3,10.7,Dessert
2025-07-11,Ven,20.3,9.77,Enfant
2025-07-11,Ven,20.3,10.4,Enfant
2025-07-11,Ven,20.3,8.11,Enfant
2025-07-11,Ven,20.3,21.79,Grill
2025-07-12,Sam,20.1,7.78,Dessert
2025-07-12,Sam,20.1,22.26,Grill
2025-07-12,Sam,20.1,5.91,Dessert
2025-07-13,Dim,27.2,13.23,Vegetarien
2025-07-13,Dim,27.2,22.76,Grill
2025-07-13,Dim,27.2,22.39,Grill
2025-07-13,Dim,27.2,11.99,Entree
2025-07-14,Lun,25.2,16.8,Vegetarien
2025-07-14,Lun,25.2,20.28,Plat_du_jour
2025-07-14,Lun,25.2,16.92,Vegetarien
2025-07-14,Lun,25.2,9.08,Enfant
2025-07-14,Lun,25.2,15.68,Plat_du_jour
2025-07-15,Mar,21.3,11.95,Dessert
2025-07-15,Mar,21.3,26.34,Grill
2025-07-15,Mar,21.3,7.11,Dessert
2025-07-15,Mar,21.3,8.39,Dessert
2025-07-15,Mar,21.3,29.25,Grill
2025-07-15,Mar,21.3,13.73,Entree
2025-07-16,Mer,26.4,10.58,Dessert
2025-07-16,Mer,26.4,17.35,Plat_du_jour
2025-07-16,Mer,26.4,14.54,Vegetarien
2025-07-17,Jeu,22.7,22.76,Grill
2025-07-17,Jeu,22.7,8.91,Entree
2025-07-18,Ven,24.3,13.0,Plat_du_jour
2025-07-18,Ven,24.3,12.75,Vegetarien
2025-07-18,Ven,24.3,26.43,Grill
2025-07-19,Sam,20.0,11.33,Dessert
2025-07-19,Sam,20.0,24.06,Grill
2025-07-19,Sam,20.0,10.14,Dessert
2025-07-19,Sam,20.0,7.74,Entree
2025-07-20,Dim,21.1,21.13,Grill
2025-07-20,Dim,21.1,19.47,Plat_du_jour
2025-07-20,Dim,21.1,17.29,Vegetarien
2025-07-20,Dim,21.1,15.44,Vegetarien
2025-07-20,Dim,21.1,18.47,Grill
2025-07-20,Dim,21.1,11.3,Dessert
2025-07-21,Lun,24.4,17.02,Plat_du_jour
2025-07-21,Lun,24.4,7.91,Entree
2025-07-21,Lun,24.4,15.84,Plat_du_jour
2025-07-22,Mar,20.1,16.2,Plat_du_jour
2025-07-22,Mar,20.1,17.2,Plat_du_jour
2025-07-22,Mar,20.1,17.05,Plat_du_jour
2025-07-22,Mar,20.1,10.04,Dessert
2025-07-22,Mar,20.1,14.59,Vegetarien
2025-07-23,Mer,24.6,23.94,Grill
2025-07-23,Mer,24.6,24.65,Grill
2025-07-23,Mer,24.6,15.06,Plat_du_jour
2025-07-24,Jeu,25.3,11.9,Enfant
2025-07-24,Jeu,25.3,16.16,Plat_du_jour
2025-07-24,Jeu,25.3,13.73,Vegetarien
2025-07-24,Jeu,25.3,19.73,Grill
2025-07-24,Jeu,25.3,15.95,Vegetarien
2025-07-24,Jeu,25.3,12.67,Vegetarien
2025-07-25,Ven,24.9,18.98,Vegetarien
2025-07-25,Ven,24.9,9.04,Dessert
2025-07-25,Ven,24.9,16.2,Vegetarien
2025-07-25,Ven,24.9,15.42,Vegetarien
2025-07-25,Ven,24.9,7.65,Enfant
2025-07-26,Sam,25.3,8.22,Dessert
2025-07-26,Sam,25.3,8.7,Dessert
2025-07-26,Sam,25.3,19.46,Plat_du_jour
2025-07-26,Sam,25.3,21.12,Grill
2025-07-27,Dim,24.8,9.41,Enfant
2025-07-27,Dim,24.8,18.6,Grill
2025-07-27,Dim,24.8,10.16,Enfant
2025-07-27,Dim,24.8,25.17,Grill
2025-07-27,Dim,24.8,20.85,Grill
2025-07-27,Dim,24.8,16.31,Vegetarien
2025-07-28,Lun,23.3,10.41,Enfant
2025-07-28,Lun,23.3,15.04,Vegetarien
2025-07-28,Lun,23.3,9.19,Dessert
2025-07-28,Lun,23.3,9.88,Entree
2025-07-28,Lun,23.3,17.04,Vegetarien
2025-07-28,Lun,23.3,27.73,Grill
2025-07-29,Mar,20.9,9.5,Entree
2025-07-29,Mar,20.9,15.37,Plat_du_jour
2025-07-29,Mar,20.9,16.9,Plat_du_jour
2025-07-30,Mer,25.1,16.75,Plat_du_jour
2025-07-30,Mer,25.1,22.23,Grill
2025-07-31,Jeu,21.8,13.19,Plat_du_jour
2025-07-31,Jeu,21.8,17.5,Plat_du_jour
2025-07-31,Jeu,21.8,15.64,Plat_du_jour
2025-07-31,Jeu,21.8,28.21,Grill
2025-08-01,Ven,20.6,9.37,Dessert
2025-08-01,Ven,20.6,9.36,Dessert
2025-08-02,Sam,26.4,10.51,Enfant
2025-08-02,Sam,26.4,6.95,Dessert
2025-08-03,Dim,24.5,21.32,Grill
2025-08-03,Dim,24.5,9.69,Entree
2025-08-03,Dim,24.5,25.57,Grill
2025-08-03,Dim,24.5,23.89,Grill
2025-08-03,Dim,24.5,25.42,Grill
2025-08-04,Lun,22.5,13.21,Enfant
2025-08-04,Lun,22.5,25.88,Grill
2025-08-04,Lun,22.5,14.68,Vegetarien
2025-08-04,Lun,22.5,11.54,Vegetarien
2025-08-05,Mar,18.7,10.67,Dessert
2025-08-05,Mar,18.7,11.64,Dessert
2025-08-05,Mar,18.7,11.99,Enfant
2025-08-05,Mar,18.7,21.03,Grill
2025-08-06,Mer,18.4,8.82,Entree
2025-08-06,Mer,18.4,23.95,Grill
2025-08-06,Mer,18.4,11.8,Vegetarien
2025-08-06,Mer,18.4,20.94,Plat_du_jour
2025-08-07,Jeu,22.7,16.11,Vegetarien
2025-08-07,Jeu,22.7,12.66,Vegetarien
2025-08-08,Ven,23.4,26.4,Grill
2025-08-08,Ven,23.4,27.14,Grill
2025-08-08,Ven,23.4,9.49,Enfant
2025-08-09,Sam,21.0,22.41,Grill
2025-08-09,Sam,21.0,18.23,Vegetarien
2025-08-09,Sam,21.0,16.3,Plat_du_jour
2025-08-10,Dim,23.7,9.71,Enfant
2025-08-10,Dim,23.7,20.93,Grill
2025-08-11,Lun,23.4,19.33,Plat_du_jour
2025-08-11,Lun,23.4,13.05,Plat_du_jour
2025-08-11,Lun,23.4,19.65,Plat_du_jour
2025-08-12,Mar,19.0,8.77,Dessert
2025-08-12,Mar,19.0,16.51,Vegetarien
2025-08-12,Mar,19.0,17.84,Grill
2025-08-12,Mar,19.0,11.01,Vegetarien
2025-08-12,Mar,19.0,14.35,Entree
2025-08-13,Mer,19.8,13.66,Plat_du_jour
2025-08-13,Mer,19.8,19.6,Grill
2025-08-13,Mer,19.8,13.52,Plat_du_jour
2025-08-13,Mer,19.8,19.41,Grill
2025-08-13,Mer,19.8,14.57,Plat_du_jour
2025-08-13,Mer,19.8,15.09,Plat_du_jour
2025-08-14,Jeu,24.3,12.13,Entree
2025-08-14,Jeu,24.3,12.79,Plat_du_jour
2025-08-14,Jeu,24.3,26.43,Grill
2025-08-15,Ven,21.9,13.53,Entree
2025-08-15,Ven,21.9,9.61,Enfant
2025-08-15,Ven,21.9,9.47,Enfant
2025-08-15,Ven,21.9,9.19,Dessert
2025-08-16,Sam,24.1,10.8,Vegetarien
2025-08-16,Sam,24.1,12.67,Enfant
2025-08-16,Sam,24.1,12.91,Enfant
2025-08-16,Sam,24.1,19.17,Plat_du_jour
2025-08-16,Sam,24.1,18.55,Grill
2025-08-17,Dim,20.1,7.2,Enfant
2025-08-17,Dim,20.1,8.94,Entree
2025-08-17,Dim,20.1,22.2,Grill
2025-08-17,Dim,20.1,20.39,Grill
2025-08-18,Lun,16.9,29.32,Grill
2025-08-18,Lun,16.9,16.28,Vegetarien
2025-08-18,Lun,16.9,7.78,Entree
2025-08-19,Mar,22.2,24.6,Grill
2025-08-19,Mar,22.2,17.72,Plat_du_jour
2025-08-20,Mer,22.2,6.81,Entree
2025-08-20,Mer,22.2,16.37,Plat_du_jour
2025-08-21,Jeu,18.3,8.83,Dessert
2025-08-21,Jeu,18.3,17.36,Plat_du_jour
2025-08-21,Jeu,18.3,12.22,Vegetarien
2025-08-21,Jeu,18.3,17.3,Grill
2025-08-22,Ven,21.4,9.41,Enfant
2025-08-22,Ven,21.4,22.52,Grill
2025-08-22,Ven,21.4,8.91,Dessert
2025-08-22,Ven,21.4,14.54,Plat_du_jour
2025-08-22,Ven,21.4,10.5,Enfant
2025-08-22,Ven,21.4,26.48,Grill
2025-08-23,Sam,22.5,9.25,Entree
2025-08-23,Sam,22.5,14.86,Entree
2025-08-23,Sam,22.5,10.71,Enfant
2025-08-23,Sam,22.5,24.42,Grill
2025-08-23,Sam,22.5,11.54,Dessert
2025-08-24,Dim,18.1,6.55,Dessert
2025-08-24,Dim,18.1,9.53,Enfant
2025-08-24,Dim,18.1,5.57,Dessert
2025-08-24,Dim,18.1,10.32,Enfant
2025-08-24,Dim,18.1,9.22,Entree
2025-08-24,Dim,18.1,7.73,Dessert
2025-08-25,Lun,20.4,12.31,Plat_du_jour
2025-08-25,Lun,20.4,15.73,Plat_du_jour
2025-08-25,Lun,20.4,18.84,Plat_du_jour
2025-08-25,Lun,20.4,6.82,Entree
2025-08-25,Lun,20.4,22.37,Grill
2025-08-26,Mar,17.9,8.22,Dessert
2025-08-26,Mar,17.9,26.71,Grill
2025-08-26,Mar,17.9,23.31,Grill
2025-08-26,Mar,17.9,18.48,Plat_du_jour
2025-08-26,Mar,17.9,18.36,Grill
2025-08-27,Mer,23.6,8.67,Dessert
2025-08-27,Mer,23.6,16.95,Plat_du_jour
2025-08-28,Jeu,21.1,13.67,Entree
2025-08-28,Jeu,21.1,16.07,Plat_du_jour
2025-08-28,Jeu,21.1,19.49,Grill
2025-08-29,Ven,22.4,15.3,Vegetarien
2025-08-29,Ven,22.4,28.48,Grill
2025-08-30,Sam,18.4,14.45,Vegetarien
2025-08-30,Sam,18.4,12.4,Entree
2025-08-31,Dim,15.3,26.25,Grill
2025-08-31,Dim,15.3,11.47,Entree
2025-08-31,Dim,15.3,17.37,Plat_du_jour
2025-08-31,Dim,15.3,24.84,Grill
2025-09-01,Lun,16.2,20.28,Plat_du_jour
2025-09-01,Lun,16.2,16.24,Plat_du_jour
2025-09-01,Lun,16.2,27.85,Grill
2025-09-01,Lun,16.2,17.37,Vegetarien
2025-09-01,Lun,16.2,11.4,Entree
2025-09-02,Mar,22.6,15.36,Plat_du_jour
2025-09-02,Mar,22.6,9.87,Entree
2025-09-02,Mar,22.6,13.98,Vegetarien
2025-09-02,Mar,22.6,13.97,Vegetarien
2025-09-03,Mer,18.9,13.76,Plat_du_jour
2025-09-03,Mer,18.9,6.44,Dessert
2025-09-03,Mer,18.9,8.49,Enfant
2025-09-03,Mer,18.9,15.99,Plat_du_jour
2025-09-03,Mer,18.9,10.57,Dessert
2025-09-04,Jeu,16.8,17.71,Plat_du_jour
2025-09-04,Jeu,16.8,21.67,Plat_du_jour
2025-09-04,Jeu,16.8,9.33,Dessert
2025-09-05,Ven,17.5,13.2,Vegetarien
2025-09-05,Ven,17.5,26.62,Grill
2025-09-05,Ven,17.5,17.65,Vegetarien
2025-09-05,Ven,17.5,21.94,Grill
2025-09-05,Ven,17.5,12.38,Dessert
2025-09-05,Ven,17.5,18.99,Plat_du_jour
2025-09-06,Sam,18.5,14.11,Vegetarien
2025-09-06,Sam,18.5,11.95,Enfant
2025-09-06,Sam,18.5,9.04,Enfant
2025-09-06,Sam,18.5,6.95,Dessert
2025-09-06,Sam,18.5,12.38,Entree
2025-09-07,Dim,21.5,11.04,Enfant
2025-09-07,Dim,21.5,18.68,Grill
2025-09-07,Dim,21.5,23.95,Grill
2025-09-07,Dim,21.5,14.59,Vegetarien
2025-09-07,Dim,21.5,7.73,Dessert
2025-09-08,Lun,17.5,6.23,Dessert
2025-09-08,Lun,17.5,9.34,Dessert
2025-09-08,Lun,17.5,9.1,Entree
2025-09-08,Lun,17.5,23.43,Grill
2025-09-08,Lun,17.5,9.96,Entree
2025-09-08,Lun,17.5,16.4,Vegetarien
2025-09-09,Mar,21.0,15.05,Vegetarien
2025-09-09,Mar,21.0,23.79,Grill
2025-09-09,Mar,21.0,16.7,Plat_du_jour
2025-09-09,Mar,21.0,18.18,Plat_du_jour
2025-09-10,Mer,14.1,20.37,Plat_du_jour
2025-09-10,Mer,14.1,28.27,Grill
2025-09-10,Mer,14.1,18.81,Plat_du_jour
2025-09-10,Mer,14.1,21.43,Grill
2025-09-11,Jeu,20.2,9.5,Entree
2025-09-11,Jeu,20.2,21.58,Grill
2025-09-12,Ven,16.3,24.81,Grill
2025-09-12,Ven,16.3,11.6,Enfant
2025-09-12,Ven,16.3,21.39,Grill
2025-09-12,Ven,16.3,19.82,Grill
2025-09-12,Ven,16.3,22.02,Grill
2025-09-13,Sam,19.2,8.76,Dessert
2025-09-13,Sam,19.2,17.88,Grill
2025-09-13,Sam,19.2,18.68,Plat_du_jour
2025-09-13,Sam,19.2,19.44,Grill
2025-09-13,Sam,19.2,25.69,Grill
2025-09-14,Dim,13.1,13.26,Vegetarien
2025-09-14,Dim,13.1,24.06,Grill
2025-09-14,Dim,13.1,7.24,Entree
2025-09-14,Dim,13.1,19.92,Plat_du_jour
2025-09-14,Dim,13.1,7.39,Dessert
2025-09-14,Dim,13.1,10.54,Entree
2025-09-15,Lun,13.8,11.47,Vegetarien
2025-09-15,Lun,13.8,19.82,Grill
2025-09-16,Mar,16.5,23.65,Grill
2025-09-16,Mar,16.5,10.31,Dessert
2025-09-16,Mar,16.5,8.2,Enfant
2025-09-17,Mer,17.0,11.31,Dessert
2025-09-17,Mer,17.0,18.48,Plat_du_jour
2025-09-17,Mer,17.0,20.98,Plat_du_jour
2025-09-17,Mer,17.0,11.53,Enfant
2025-09-17,Mer,17.0,17.76,Grill
